year,date_of_year,root_zone_soil_wetness,max_temperature,precipitation
2023,91,0.5,36.63,0.0
2023,92,0.5,36.93,0.0
2023,93,0.5,37.7,0.0
2023,94,0.5,38.72,0.0
2023,95,0.5,39.52,0.03
2023,96,0.5,39.28,0.64
2023,97,0.5,34.55,2.31
2023,98,0.51,35.46,1.28
2023,99,0.51,38.93,0.01
2023,100,0.51,39.38,0.2
2023,101,0.51,37.4,0.04
2023,102,0.51,37.42,0.0
2023,103,0.51,38.43,0.04
2023,104,0.51,35.36,2.06
2023,105,0.51,34.0,2.66
2023,106,0.51,39.21,0.17
2023,107,0.51,37.7,0.04
2023,108,0.51,41.2,0.0
2023,109,0.51,41.05,0.34
2023,110,0.51,39.93,2.28
2023,111,0.51,39.1,0.07
2023,112,0.51,38.69,0.0
2023,113,0.51,38.3,0.0
2023,114,0.51,39.09,0.0
2023,115,0.51,38.46,0.0
2023,116,0.51,38.61,0.0
2023,117,0.51,38.0,0.14
2023,118,0.51,34.57,0.5
2023,119,0.51,37.1,0.87
2023,120,0.51,35.91,0.07